20:39:25:100 ;10 ;535 ;-1 ;180
20:39:25:164 ;-17 ;-6 ;0 ;0
20:39:25:236 ;-17 ;-6 ;0 ;0
20:39:25:323 ;-17 ;-6 ;0 ;0
20:39:25:384 ;-17 ;-6 ;0 ;0
20:39:25:453 ;-17 ;-6 ;0 ;0
20:39:25:545 ;-17 ;-6 ;0 ;0
20:39:25:639 ;-17 ;-6 ;0 ;0
20:39:25:731 ;-17 ;-6 ;0 ;0
20:39:25:827 ;-17 ;-6 ;0 ;0
20:39:25:920 ;-17 ;-6 ;0 ;0
20:39:26:13 ;-17 ;-6 ;0 ;0
20:39:26:75 ;-17 ;-6 ;0 ;0
20:39:26:135 ;-17 ;-6 ;0 ;0
20:39:26:216 ;-17 ;-6 ;0 ;0
20:39:26:305 ;-17 ;-6 ;0 ;0
20:39:26:372 ;-17 ;-6 ;0 ;0
20:39:26:439 ;-17 ;-7 ;0 ;0
20:39:26:549 ;-17 ;-7 ;0 ;0
20:39:26:661 ;-16 ;-7 ;0 ;0
20:39:26:761 ;-16 ;-7 ;0 ;0
20:39:26:854 ;-16 ;-7 ;0 ;0
20:39:26:945 ;-16 ;-7 ;0 ;0
20:39:27:12 ;-16 ;-7 ;0 ;0
20:39:27:78 ;-16 ;-7 ;0 ;0
20:39:27:172 ;-16 ;-7 ;0 ;0
20:39:27:267 ;-16 ;-7 ;0 ;0
20:39:27:376 ;-16 ;-7 ;0 ;0
20:39:27:465 ;-16 ;-7 ;0 ;0
20:39:27:531 ;-16 ;-7 ;0 ;0
20:39:27:627 ;-16 ;-7 ;0 ;0
20:39:27:736 ;-16 ;-7 ;0 ;0
20:39:27:847 ;-16 ;-7 ;0 ;0
20:39:27:955 ;-16 ;-7 ;0 ;0
20:39:28:67 ;-16 ;-7 ;0 ;0
20:39:28:161 ;-16 ;-7 ;0 ;0
20:39:28:251 ;-16 ;-7 ;0 ;0
20:39:28:347 ;-16 ;-7 ;0 ;0
20:39:28:445 ;-16 ;-7 ;0 ;0
20:39:28:531 ;-16 ;-7 ;0 ;0
20:39:28:627 ;-16 ;-8 ;0 ;0
20:39:28:721 ;-16 ;-8 ;0 ;0
20:39:28:834 ;-16 ;-8 ;0 ;0
20:39:28:933 ;-16 ;-8 ;0 ;0
20:39:29:27 ;-16 ;-8 ;0 ;0
20:39:29:120 ;-16 ;-8 ;0 ;0
20:39:29:213 ;-16 ;-8 ;0 ;0
20:39:29:304 ;-16 ;-8 ;0 ;0
20:39:29:371 ;-16 ;-8 ;0 ;0
20:39:29:438 ;-16 ;-8 ;0 ;0
20:39:29:536 ;-16 ;-8 ;0 ;0
20:39:29:624 ;-16 ;-8 ;0 ;0
20:39:29:720 ;-16 ;-8 ;0 ;0
20:39:29:811 ;-16 ;-8 ;0 ;0
20:39:29:906 ;-16 ;-8 ;0 ;0
20:39:30:15 ;-16 ;-8 ;0 ;0
20:39:30:126 ;-16 ;-8 ;0 ;0
20:39:30:235 ;-16 ;-8 ;0 ;0
20:39:30:346 ;-16 ;-8 ;0 ;0
20:39:30:463 ;-16 ;-8 ;0 ;0
20:39:30:548 ;-16 ;-8 ;0 ;0
20:39:30:659 ;-16 ;-9 ;0 ;0
20:39:30:773 ;-16 ;-9 ;0 ;0
20:39:30:864 ;-16 ;-9 ;0 ;0
20:39:30:930 ;-16 ;-9 ;0 ;0
20:39:30:997 ;-16 ;-9 ;0 ;0
20:39:31:64 ;-16 ;-9 ;0 ;0
20:39:31:173 ;-16 ;-9 ;0 ;0
20:39:31:286 ;-16 ;-9 ;0 ;0
20:39:31:386 ;-16 ;-9 ;0 ;0
20:39:31:477 ;-15 ;-9 ;0 ;0
20:39:31:544 ;-15 ;-9 ;0 ;0
20:39:31:610 ;-15 ;-9 ;0 ;0
20:39:31:732 ;-15 ;-9 ;0 ;0
20:39:31:827 ;-15 ;-9 ;0 ;0
20:39:31:939 ;-15 ;-9 ;0 ;0
20:39:32:39 ;-15 ;-9 ;0 ;0
20:39:32:130 ;-15 ;-9 ;0 ;0
20:39:32:196 ;-15 ;-9 ;0 ;0
20:39:32:263 ;-15 ;-9 ;0 ;0
20:39:32:330 ;-15 ;-9 ;0 ;0
20:39:32:439 ;-15 ;-9 ;0 ;0
20:39:32:555 ;-15 ;-9 ;0 ;0
20:39:32:652 ;-15 ;-9 ;0 ;0
20:39:32:730 ;-15 ;-9 ;0 ;0
20:39:32:796 ;-15 ;-10 ;0 ;0
20:39:32:907 ;-15 ;-10 ;0 ;0
20:39:33:18 ;-15 ;-10 ;0 ;0
20:39:33:127 ;-15 ;-10 ;0 ;0
20:39:33:238 ;-15 ;-10 ;0 ;0
20:39:33:333 ;-15 ;-10 ;0 ;0
20:39:33:438 ;-15 ;-10 ;0 ;0
20:39:33:552 ;-15 ;-10 ;0 ;0
20:39:33:651 ;-15 ;-10 ;0 ;0
20:39:33:746 ;-15 ;-10 ;0 ;0
20:39:33:851 ;-15 ;-10 ;0 ;0
20:39:33:942 ;-15 ;-10 ;0 ;0
20:39:34:9 ;-15 ;-10 ;0 ;0
20:39:34:76 ;-15 ;-10 ;0 ;0
20:39:34:142 ;-15 ;-10 ;0 ;0
20:39:34:256 ;-15 ;-10 ;0 ;0
20:39:34:358 ;-15 ;-10 ;0 ;0
20:39:34:466 ;-15 ;-10 ;0 ;0
20:39:34:555 ;-15 ;-10 ;0 ;0
20:39:34:622 ;-15 ;-10 ;0 ;0
20:39:34:689 ;-15 ;-10 ;0 ;0
20:39:34:798 ;-15 ;-10 ;0 ;0
20:39:34:889 ;-15 ;-10 ;0 ;0
20:39:34:984 ;-15 ;-11 ;0 ;0
20:39:35:81 ;-15 ;-11 ;0 ;0
20:39:35:191 ;-15 ;-11 ;0 ;0
20:39:35:304 ;-15 ;-11 ;0 ;0
20:39:35:395 ;-14 ;-11 ;0 ;0
20:39:35:462 ;-14 ;-11 ;0 ;0
20:39:35:528 ;-14 ;-11 ;0 ;0
20:39:35:595 ;-14 ;-11 ;0 ;0
20:39:35:705 ;-14 ;-11 ;0 ;0
20:39:35:818 ;-14 ;-11 ;0 ;0
20:39:35:917 ;-14 ;-11 ;0 ;0
20:39:35:995 ;-14 ;-11 ;0 ;0
20:39:36:62 ;-14 ;-11 ;0 ;0
20:39:36:170 ;-14 ;-11 ;0 ;0
20:39:36:279 ;-14 ;-11 ;0 ;0
20:39:36:368 ;-14 ;-11 ;0 ;0
20:39:36:435 ;-14 ;-11 ;0 ;0
20:39:36:501 ;-14 ;-11 ;0 ;0
20:39:36:598 ;-14 ;-11 ;0 ;0
20:39:36:688 ;-14 ;-11 ;0 ;0
20:39:36:785 ;-14 ;-11 ;0 ;0
20:39:36:875 ;-14 ;-11 ;0 ;0
20:39:36:970 ;-14 ;-11 ;0 ;0
20:39:37:79 ;-14 ;-11 ;0 ;0
20:39:37:191 ;-14 ;-11 ;0 ;0
20:39:37:303 ;-14 ;-11 ;0 ;0
20:39:37:397 ;-14 ;-11 ;0 ;0
20:39:37:491 ;-14 ;-12 ;0 ;0
20:39:37:581 ;-14 ;-12 ;0 ;0
20:39:37:677 ;-14 ;-12 ;0 ;0
20:39:37:770 ;-14 ;-12 ;0 ;0
20:39:37:861 ;-14 ;-12 ;0 ;0
20:39:37:956 ;-14 ;-12 ;0 ;0
20:39:38:65 ;-14 ;-12 ;0 ;0
20:39:38:177 ;-14 ;-12 ;0 ;0
20:39:38:276 ;-14 ;-12 ;0 ;0
20:39:38:370 ;-13 ;-12 ;0 ;0
20:39:38:466 ;-13 ;-12 ;0 ;0
20:39:38:554 ;-13 ;-12 ;0 ;0
20:39:38:621 ;-13 ;-12 ;0 ;0
20:39:38:687 ;-13 ;-12 ;0 ;0
20:39:38:796 ;-13 ;-12 ;0 ;0
20:39:38:887 ;-13 ;-12 ;0 ;0
20:39:38:954 ;-13 ;-12 ;0 ;0
20:39:39:64 ;-13 ;-12 ;0 ;0
20:39:39:177 ;-13 ;-12 ;0 ;0
20:39:39:276 ;-13 ;-12 ;0 ;0
20:39:39:370 ;-13 ;-12 ;0 ;0
20:39:39:447 ;-13 ;-12 ;0 ;0
20:39:39:514 ;-13 ;-12 ;0 ;0
20:39:39:580 ;-13 ;-12 ;0 ;0
20:39:39:690 ;-13 ;-12 ;0 ;0
20:39:39:803 ;-13 ;-12 ;0 ;0
20:39:39:902 ;-13 ;-12 ;0 ;0
20:39:39:998 ;-13 ;-12 ;0 ;0
20:39:40:102 ;-13 ;-13 ;0 ;0
20:39:40:197 ;-13 ;-13 ;0 ;0
20:39:40:287 ;-13 ;-13 ;0 ;0
20:39:40:353 ;-13 ;-13 ;0 ;0
20:39:40:420 ;-13 ;-13 ;0 ;0
20:39:40:516 ;-13 ;-13 ;0 ;0
20:39:40:624 ;-13 ;-13 ;0 ;0
20:39:40:735 ;-13 ;-13 ;0 ;0
20:39:40:843 ;-13 ;-13 ;0 ;0
20:39:40:952 ;-13 ;-13 ;0 ;0
20:39:41:62 ;-13 ;-13 ;0 ;0
20:39:41:171 ;-12 ;-13 ;0 ;0
20:39:41:282 ;-12 ;-13 ;0 ;0
20:39:41:395 ;-12 ;-13 ;0 ;0
20:39:41:486 ;-12 ;-13 ;0 ;0
20:39:41:582 ;-12 ;-13 ;0 ;0
20:39:41:677 ;-12 ;-13 ;0 ;0
20:39:41:782 ;-12 ;-13 ;0 ;0
20:39:41:890 ;-12 ;-13 ;0 ;0
20:39:42:3 ;-12 ;-13 ;0 ;0
20:39:42:115 ;-12 ;-13 ;0 ;0
20:39:42:210 ;-12 ;-13 ;0 ;0
20:39:42:299 ;-12 ;-13 ;0 ;0
20:39:42:395 ;-12 ;-13 ;0 ;0
20:39:42:486 ;-12 ;-13 ;0 ;0
20:39:42:581 ;-12 ;-13 ;0 ;0
20:39:42:672 ;-12 ;-13 ;0 ;0
20:39:42:768 ;-12 ;-13 ;0 ;0
20:39:42:859 ;-12 ;-13 ;0 ;0
20:39:42:955 ;-12 ;-14 ;0 ;0
20:39:43:49 ;-12 ;-14 ;0 ;0
20:39:43:139 ;-12 ;-14 ;0 ;0
20:39:43:234 ;-12 ;-14 ;0 ;0
20:39:43:329 ;-12 ;-14 ;0 ;0
20:39:43:441 ;-12 ;-14 ;0 ;0
20:39:43:550 ;-12 ;-14 ;0 ;0
20:39:43:661 ;-11 ;-14 ;0 ;0
20:39:43:754 ;-11 ;-14 ;0 ;0
20:39:43:845 ;-11 ;-14 ;0 ;0
20:39:43:941 ;-11 ;-14 ;0 ;0
20:39:44:32 ;-11 ;-14 ;0 ;0
20:39:44:127 ;-11 ;-14 ;0 ;0
20:39:44:218 ;-11 ;-14 ;0 ;0
20:39:44:314 ;-11 ;-14 ;0 ;0
20:39:44:426 ;-11 ;-14 ;0 ;0
20:39:44:512 ;-11 ;-14 ;0 ;0
20:39:44:578 ;-11 ;-14 ;0 ;0
20:39:44:674 ;-11 ;-14 ;0 ;0
20:39:44:782 ;-11 ;-14 ;0 ;0
20:39:44:894 ;-11 ;-14 ;0 ;0
20:39:44:994 ;-11 ;-14 ;0 ;0
20:39:45:87 ;-11 ;-14 ;0 ;0
20:39:45:194 ;-11 ;-14 ;0 ;0
20:39:45:287 ;-11 ;-14 ;0 ;0
20:39:45:394 ;-11 ;-14 ;0 ;0
20:39:45:488 ;-11 ;-14 ;0 ;0
20:39:45:578 ;-11 ;-14 ;0 ;0
20:39:45:674 ;-11 ;-14 ;0 ;0
20:39:45:764 ;-11 ;-14 ;0 ;0
20:39:45:860 ;-11 ;-14 ;0 ;0
20:39:45:951 ;-10 ;-14 ;0 ;0
20:39:46:18 ;-10 ;-15 ;0 ;0
20:39:46:129 ;-10 ;-15 ;0 ;0
20:39:46:218 ;-10 ;-15 ;0 ;0
20:39:46:313 ;-10 ;-15 ;0 ;0
20:39:46:420 ;-10 ;-15 ;0 ;0
20:39:46:498 ;-10 ;-15 ;0 ;0
20:39:46:564 ;-10 ;-15 ;0 ;0
20:39:46:674 ;-10 ;-15 ;0 ;0
20:39:46:787 ;-10 ;-15 ;0 ;0
20:39:46:886 ;-10 ;-15 ;0 ;0
20:39:46:980 ;-10 ;-15 ;0 ;0
20:39:47:74 ;-10 ;-15 ;0 ;0
20:39:47:164 ;-10 ;-15 ;0 ;0
20:39:47:231 ;-10 ;-15 ;0 ;0
20:39:47:297 ;-10 ;-15 ;0 ;0
20:39:47:406 ;-10 ;-15 ;0 ;0
20:39:47:497 ;-10 ;-15 ;0 ;0
20:39:47:564 ;-10 ;-15 ;0 ;0
20:39:47:674 ;-10 ;-15 ;0 ;0
20:39:47:789 ;-10 ;-15 ;0 ;0
20:39:47:886 ;-10 ;-15 ;0 ;0
20:39:47:981 ;-10 ;-15 ;0 ;0
20:39:48:70 ;-9 ;-15 ;0 ;0
20:39:48:137 ;-9 ;-15 ;0 ;0
20:39:48:204 ;-9 ;-15 ;0 ;0
20:39:48:299 ;-9 ;-15 ;0 ;0
20:39:48:406 ;-9 ;-15 ;0 ;0
20:39:48:514 ;-9 ;-15 ;0 ;0
20:39:48:626 ;-9 ;-15 ;0 ;0
20:39:48:734 ;-9 ;-15 ;0 ;0
20:39:48:846 ;-9 ;-15 ;0 ;0
20:39:48:937 ;-9 ;-15 ;0 ;0
20:39:49:32 ;-9 ;-15 ;0 ;0
20:39:49:141 ;-9 ;-15 ;0 ;0
20:39:49:252 ;-9 ;-15 ;0 ;0
20:39:49:361 ;-9 ;-15 ;0 ;0
20:39:49:472 ;-9 ;-15 ;0 ;0
20:39:49:563 ;-9 ;-15 ;0 ;0
20:39:49:660 ;-9 ;-15 ;0 ;0
20:39:49:750 ;-9 ;-16 ;0 ;0
20:39:49:845 ;-9 ;-16 ;0 ;0
20:39:49:936 ;-9 ;-16 ;0 ;0
20:39:50:32 ;-9 ;-16 ;0 ;0
20:39:50:141 ;-9 ;-16 ;0 ;0
20:39:50:252 ;-9 ;-16 ;0 ;0
20:39:50:360 ;-8 ;-16 ;0 ;0
20:39:50:472 ;-8 ;-16 ;0 ;0
20:39:50:580 ;-8 ;-16 ;0 ;0
20:39:50:692 ;-8 ;-16 ;0 ;0
20:39:50:792 ;-8 ;-16 ;0 ;0
20:39:50:869 ;-8 ;-16 ;0 ;0
20:39:50:936 ;-8 ;-16 ;0 ;0
20:39:51:46 ;-8 ;-16 ;0 ;0
20:39:51:160 ;-8 ;-16 ;0 ;0
20:39:51:258 ;-8 ;-16 ;0 ;0
20:39:51:365 ;-8 ;-16 ;0 ;0
20:39:51:458 ;-8 ;-16 ;0 ;0
20:39:51:551 ;-8 ;-16 ;0 ;0
20:39:51:645 ;-8 ;-16 ;0 ;0
20:39:51:736 ;-8 ;-16 ;0 ;0
20:39:51:831 ;-8 ;-16 ;0 ;0
20:39:51:922 ;-8 ;-16 ;0 ;0
20:39:52:18 ;-8 ;-16 ;0 ;0
20:39:52:127 ;-8 ;-16 ;0 ;0
20:39:52:215 ;-8 ;-16 ;0 ;0
20:39:52:282 ;-8 ;-16 ;0 ;0
20:39:52:391 ;-7 ;-16 ;0 ;0
20:39:52:499 ;-7 ;-16 ;0 ;0
20:39:52:612 ;-7 ;-16 ;0 ;0
20:39:52:728 ;-7 ;-16 ;0 ;0
20:39:52:815 ;-7 ;-16 ;0 ;0
20:39:52:911 ;-7 ;-16 ;0 ;0
20:39:53:5 ;-7 ;-16 ;0 ;0
20:39:53:95 ;-7 ;-16 ;0 ;0
20:39:53:191 ;-7 ;-16 ;0 ;0
20:39:53:282 ;-7 ;-16 ;0 ;0
20:39:53:377 ;-7 ;-16 ;0 ;0
20:39:53:468 ;-7 ;-16 ;0 ;0
20:39:53:564 ;-7 ;-16 ;0 ;0
20:39:53:672 ;-7 ;-16 ;0 ;0
20:39:53:784 ;-7 ;-16 ;0 ;0
20:39:53:893 ;-7 ;-16 ;0 ;0
20:39:54:4 ;-7 ;-16 ;0 ;0
20:39:54:95 ;-7 ;-16 ;0 ;0
20:39:54:190 ;-7 ;-16 ;0 ;0
20:39:54:299 ;-7 ;-16 ;0 ;0
20:39:54:417 ;-6 ;-16 ;0 ;0
20:39:54:510 ;-6 ;-16 ;0 ;0
20:39:54:601 ;-6 ;-16 ;0 ;0
20:39:54:668 ;-6 ;-16 ;0 ;0
20:39:54:735 ;-6 ;-16 ;0 ;0
20:39:54:843 ;-6 ;-16 ;0 ;0
20:39:54:952 ;-6 ;-17 ;0 ;0
20:39:55:65 ;-6 ;-17 ;0 ;0
20:39:55:177 ;-6 ;-17 ;0 ;0
20:39:55:268 ;-6 ;-17 ;0 ;0
20:39:55:363 ;-6 ;-17 ;0 ;0
20:39:55:454 ;-6 ;-17 ;0 ;0
20:39:55:550 ;-6 ;-17 ;0 ;0
20:39:55:641 ;-6 ;-17 ;0 ;0
20:39:55:724 ;-6 ;-17 ;0 ;0
20:39:55:814 ;-6 ;-17 ;0 ;0
20:39:55:910 ;-6 ;-17 ;0 ;0
20:39:56:1 ;-6 ;-17 ;0 ;0
20:39:56:96 ;-6 ;-17 ;0 ;0
20:39:56:191 ;-6 ;-17 ;0 ;0
20:39:56:303 ;-6 ;-17 ;0 ;0
20:39:56:403 ;-5 ;-17 ;0 ;0
20:39:56:496 ;-5 ;-17 ;0 ;0
20:39:56:574 ;-5 ;-17 ;0 ;0
20:39:56:640 ;-5 ;-17 ;0 ;0
20:39:56:749 ;-5 ;-17 ;0 ;0
20:39:56:856 ;-5 ;-17 ;0 ;0
20:39:56:951 ;-5 ;-17 ;0 ;0
20:39:57:40 ;-5 ;-17 ;0 ;0
20:39:57:107 ;-5 ;-17 ;0 ;0
20:39:57:174 ;-5 ;-17 ;0 ;0
20:39:57:269 ;-5 ;-17 ;0 ;0
20:39:57:376 ;-5 ;-17 ;0 ;0
20:39:57:484 ;-5 ;-17 ;0 ;0
20:39:57:596 ;-5 ;-17 ;0 ;0
20:39:57:709 ;-5 ;-17 ;0 ;0
20:39:57:800 ;-5 ;-17 ;0 ;0
20:39:57:896 ;-5 ;-17 ;0 ;0
20:39:57:989 ;-5 ;-17 ;0 ;0
20:39:58:82 ;-5 ;-17 ;0 ;0
20:39:58:173 ;-5 ;-17 ;0 ;0
20:39:58:269 ;-4 ;-17 ;0 ;0
20:39:58:377 ;-4 ;-17 ;0 ;0
20:39:58:489 ;-4 ;-17 ;0 ;0
20:39:58:575 ;-4 ;-17 ;0 ;0
20:39:58:640 ;-4 ;-17 ;0 ;0
20:39:58:749 ;-4 ;-17 ;0 ;0
20:39:58:860 ;-4 ;-17 ;0 ;0
20:39:58:968 ;-4 ;-17 ;0 ;0
20:39:59:78 ;-4 ;-17 ;0 ;0
20:39:59:188 ;-4 ;-17 ;0 ;0
20:39:59:297 ;-4 ;-17 ;0 ;0
20:39:59:409 ;-4 ;-17 ;0 ;0
20:39:59:522 ;-4 ;-17 ;0 ;0
20:39:59:613 ;-4 ;-17 ;0 ;0
20:39:59:707 ;-4 ;-17 ;0 ;0
20:39:59:801 ;-4 ;-17 ;0 ;0
20:39:59:893 ;-4 ;-17 ;0 ;0
20:39:59:988 ;-4 ;-17 ;0 ;0
20:40:00:79 ;-4 ;-17 ;0 ;0
20:40:00:175 ;-3 ;-17 ;0 ;0
20:40:00:268 ;-3 ;-17 ;0 ;0
20:40:00:361 ;-3 ;-17 ;0 ;0
20:40:00:452 ;-3 ;-17 ;0 ;0
20:40:00:548 ;-3 ;-17 ;0 ;0
20:40:00:639 ;-3 ;-17 ;0 ;0
20:40:00:734 ;-3 ;-17 ;0 ;0
20:40:00:826 ;-3 ;-17 ;0 ;0
20:40:00:892 ;-3 ;-17 ;0 ;0
20:40:00:985 ;-3 ;-17 ;0 ;0
20:40:01:81 ;-3 ;-17 ;0 ;0
20:40:01:172 ;-3 ;-17 ;0 ;0
20:40:01:268 ;-3 ;-17 ;0 ;0
20:40:01:361 ;-3 ;-17 ;0 ;0
20:40:01:469 ;-3 ;-17 ;0 ;0
20:40:01:581 ;-3 ;-17 ;0 ;0
20:40:01:691 ;-3 ;-17 ;0 ;0
20:40:01:787 ;-3 ;-17 ;0 ;0
20:40:01:881 ;-3 ;-17 ;0 ;0
20:40:01:972 ;-3 ;-17 ;0 ;0
20:40:02:67 ;-2 ;-17 ;0 ;0
20:40:02:162 ;-2 ;-17 ;0 ;0
20:40:02:252 ;-2 ;-17 ;0 ;0
20:40:02:334 ;-2 ;-17 ;0 ;0
20:40:02:425 ;-2 ;-17 ;0 ;0
20:40:02:520 ;-2 ;-17 ;0 ;0
20:40:02:611 ;-2 ;-17 ;0 ;0
20:40:02:707 ;-2 ;-17 ;0 ;0
20:40:02:798 ;-2 ;-17 ;0 ;0
20:40:02:894 ;-2 ;-17 ;0 ;0
20:40:02:988 ;-2 ;-17 ;0 ;0
20:40:03:78 ;-2 ;-17 ;0 ;0
20:40:03:174 ;-2 ;-17 ;0 ;0
20:40:03:283 ;-2 ;-17 ;0 ;0
20:40:03:387 ;-2 ;-17 ;0 ;0
20:40:03:478 ;-2 ;-17 ;0 ;0
20:40:03:544 ;-2 ;-17 ;0 ;0
20:40:03:611 ;-2 ;-17 ;0 ;0
20:40:03:704 ;-2 ;-17 ;0 ;0
20:40:03:800 ;-2 ;-17 ;0 ;0
20:40:03:891 ;-1 ;-17 ;0 ;0
20:40:03:987 ;-1 ;-17 ;0 ;0
20:40:04:95 ;-1 ;-17 ;0 ;0
20:40:04:207 ;-1 ;-17 ;0 ;0
20:40:04:320 ;-1 ;-17 ;0 ;0
20:40:04:413 ;-1 ;-17 ;0 ;0
20:40:04:506 ;-1 ;-17 ;0 ;0
20:40:04:597 ;-1 ;-17 ;0 ;0
20:40:04:693 ;-1 ;-17 ;0 ;0
20:40:04:786 ;-1 ;-17 ;0 ;0
20:40:04:882 ;-1 ;-17 ;0 ;0
20:40:04:971 ;-1 ;-17 ;0 ;0
20:40:05:66 ;-1 ;-17 ;0 ;0
20:40:05:160 ;-1 ;-17 ;0 ;0
20:40:05:240 ;-1 ;-17 ;0 ;0
20:40:05:330 ;-1 ;-17 ;0 ;0
20:40:05:426 ;-1 ;-17 ;0 ;0
20:40:05:517 ;-1 ;-17 ;0 ;0
20:40:05:613 ;-1 ;-17 ;0 ;0
20:40:05:704 ;-1 ;-17 ;0 ;0
20:40:05:799 ;0 ;-17 ;0 ;0
20:40:05:909 ;0 ;-17 ;0 ;0
20:40:06:19 ;0 ;-17 ;0 ;0
20:40:06:119 ;0 ;-17 ;0 ;0
20:40:06:210 ;0 ;-17 ;0 ;0
20:40:06:277 ;0 ;-17 ;0 ;0
20:40:06:344 ;0 ;-17 ;0 ;0
20:40:06:437 ;0 ;-17 ;0 ;0
20:40:06:532 ;0 ;-17 ;0 ;0
20:40:06:640 ;0 ;-17 ;0 ;0
20:40:06:753 ;0 ;-17 ;0 ;0
20:40:06:862 ;0 ;-17 ;0 ;0
20:40:06:964 ;0 ;-17 ;0 ;0
20:40:07:40 ;0 ;-17 ;0 ;0
20:40:07:145 ;0 ;-17 ;0 ;0
20:40:07:239 ;0 ;-17 ;0 ;0
20:40:07:330 ;0 ;-17 ;0 ;0
20:40:07:425 ;0 ;-17 ;0 ;0
20:40:07:533 ;0 ;-17 ;0 ;0
20:40:07:646 ;0 ;-17 ;0 ;0
20:40:07:745 ;0 ;-17 ;0 ;0
20:40:07:838 ;0 ;-17 ;0 ;0
20:40:07:916 ;0 ;-17 ;0 ;0
20:40:07:983 ;0 ;-17 ;0 ;0
20:40:08:78 ;0 ;-17 ;0 ;0
20:40:08:187 ;0 ;-17 ;0 ;0
20:40:08:299 ;0 ;-17 ;0 ;0
20:40:08:406 ;0 ;-17 ;0 ;0
20:40:08:519 ;0 ;-17 ;0 ;0
20:40:08:609 ;0 ;-17 ;0 ;0
20:40:08:705 ;0 ;-17 ;0 ;0
20:40:08:813 ;0 ;-17 ;0 ;0
20:40:08:925 ;0 ;-17 ;0 ;0
20:40:09:34 ;0 ;-17 ;0 ;0
20:40:09:145 ;0 ;-17 ;0 ;0
20:40:09:239 ;0 ;-17 ;0 ;0
20:40:09:329 ;0 ;-17 ;0 ;0
20:40:09:425 ;0 ;-17 ;0 ;0
20:40:09:516 ;1 ;-17 ;0 ;0
20:40:09:611 ;1 ;-17 ;0 ;0
20:40:09:702 ;1 ;-17 ;0 ;0
20:40:09:798 ;1 ;-17 ;0 ;0
20:40:09:889 ;1 ;-17 ;0 ;0
20:40:09:984 ;1 ;-17 ;0 ;0
20:40:10:92 ;1 ;-17 ;0 ;0
20:40:10:204 ;1 ;-17 ;0 ;0
20:40:10:315 ;1 ;-17 ;0 ;0
20:40:10:424 ;1 ;-17 ;0 ;0
20:40:10:515 ;1 ;-17 ;0 ;0
20:40:10:611 ;1 ;-17 ;0 ;0
20:40:10:702 ;1 ;-17 ;0 ;0
20:40:10:797 ;1 ;-17 ;0 ;0
20:40:10:888 ;1 ;-17 ;0 ;0
20:40:10:955 ;1 ;-17 ;0 ;0
20:40:11:64 ;1 ;-17 ;0 ;0
20:40:11:172 ;1 ;-17 ;0 ;0
20:40:11:284 ;1 ;-17 ;0 ;0
20:40:11:393 ;2 ;-17 ;0 ;0
20:40:11:504 ;2 ;-17 ;0 ;0
20:40:11:598 ;2 ;-17 ;0 ;0
20:40:11:688 ;2 ;-17 ;0 ;0
20:40:11:784 ;2 ;-17 ;0 ;0
20:40:11:893 ;2 ;-17 ;0 ;0
20:40:12:4 ;2 ;-17 ;0 ;0
20:40:12:103 ;2 ;-17 ;0 ;0
20:40:12:197 ;2 ;-17 ;0 ;0
20:40:12:288 ;2 ;-17 ;0 ;0
20:40:12:354 ;2 ;-17 ;0 ;0
20:40:12:421 ;2 ;-17 ;0 ;0
20:40:12:517 ;2 ;-17 ;0 ;0
20:40:12:608 ;2 ;-17 ;0 ;0
20:40:12:703 ;2 ;-17 ;0 ;0
20:40:12:812 ;2 ;-17 ;0 ;0
20:40:12:923 ;2 ;-17 ;0 ;0
20:40:13:32 ;2 ;-17 ;0 ;0
20:40:13:143 ;2 ;-17 ;0 ;0
20:40:13:234 ;2 ;-17 ;0 ;0
20:40:13:330 ;2 ;-17 ;0 ;0
20:40:13:425 ;3 ;-17 ;0 ;0
20:40:13:531 ;3 ;-17 ;0 ;0
20:40:13:644 ;3 ;-17 ;0 ;0
20:40:13:756 ;3 ;-17 ;0 ;0
20:40:13:847 ;3 ;-17 ;0 ;0
20:40:13:943 ;3 ;-17 ;0 ;0
20:40:14:34 ;3 ;-17 ;0 ;0
20:40:14:130 ;3 ;-17 ;0 ;0
20:40:14:220 ;3 ;-17 ;0 ;0
20:40:14:316 ;3 ;-17 ;0 ;0
20:40:14:407 ;3 ;-17 ;0 ;0
20:40:14:503 ;3 ;-17 ;0 ;0
20:40:14:611 ;3 ;-17 ;0 ;0
20:40:14:723 ;3 ;-16 ;0 ;0
20:40:14:823 ;3 ;-16 ;0 ;0
20:40:14:913 ;3 ;-16 ;0 ;0
20:40:15:23 ;3 ;-16 ;0 ;0
20:40:15:113 ;3 ;-16 ;0 ;0
20:40:15:180 ;3 ;-16 ;0 ;0
20:40:15:247 ;4 ;-16 ;0 ;0
20:40:15:313 ;4 ;-16 ;0 ;0
20:40:15:409 ;4 ;-16 ;0 ;0
20:40:15:500 ;4 ;-16 ;0 ;0
20:40:15:600 ;4 ;-16 ;0 ;0
20:40:15:702 ;4 ;-16 ;0 ;0
20:40:15:811 ;4 ;-16 ;0 ;0
20:40:15:923 ;4 ;-16 ;0 ;0
20:40:16:35 ;4 ;-16 ;0 ;0
20:40:16:126 ;4 ;-16 ;0 ;0
20:40:16:222 ;4 ;-16 ;0 ;0
20:40:16:316 ;4 ;-16 ;0 ;0
20:40:16:429 ;4 ;-16 ;0 ;0
20:40:16:528 ;4 ;-16 ;0 ;0
20:40:16:622 ;4 ;-16 ;0 ;0
20:40:16:708 ;4 ;-16 ;0 ;0
20:40:16:808 ;4 ;-16 ;0 ;0
20:40:16:899 ;4 ;-16 ;0 ;0
20:40:16:966 ;4 ;-16 ;0 ;0
20:40:17:33 ;4 ;-16 ;0 ;0
20:40:17:138 ;4 ;-16 ;0 ;0
20:40:17:224 ;4 ;-16 ;0 ;0
20:40:17:302 ;5 ;-16 ;0 ;0
20:40:17:393 ;5 ;-16 ;0 ;0
20:40:17:488 ;5 ;-16 ;0 ;0
20:40:17:581 ;5 ;-16 ;0 ;0
20:40:17:672 ;5 ;-16 ;0 ;0
20:40:17:768 ;5 ;-16 ;0 ;0
20:40:17:878 ;5 ;-16 ;0 ;0
20:40:17:988 ;5 ;-16 ;0 ;0
20:40:18:101 ;5 ;-16 ;0 ;0
20:40:18:202 ;5 ;-16 ;0 ;0
20:40:18:314 ;5 ;-16 ;0 ;0
20:40:18:405 ;5 ;-16 ;0 ;0
20:40:18:501 ;5 ;-16 ;0 ;0
20:40:18:610 ;5 ;-16 ;0 ;0
20:40:18:722 ;5 ;-16 ;0 ;0
20:40:18:821 ;5 ;-16 ;0 ;0
20:40:18:917 ;5 ;-16 ;0 ;0
20:40:19:5 ;5 ;-16 ;0 ;0
20:40:19:72 ;5 ;-16 ;0 ;0
20:40:19:139 ;5 ;-16 ;0 ;0
20:40:19:205 ;6 ;-16 ;0 ;0
20:40:19:301 ;6 ;-16 ;0 ;0
20:40:19:394 ;6 ;-16 ;0 ;0
20:40:19:488 ;6 ;-16 ;0 ;0
20:40:19:578 ;6 ;-16 ;0 ;0
20:40:19:674 ;6 ;-15 ;0 ;0
20:40:19:782 ;6 ;-15 ;0 ;0
20:40:19:895 ;6 ;-15 ;0 ;0
20:40:19:994 ;6 ;-15 ;0 ;0
20:40:20:88 ;6 ;-15 ;0 ;0
20:40:20:178 ;6 ;-15 ;0 ;0
20:40:20:245 ;6 ;-15 ;0 ;0
20:40:20:311 ;6 ;-15 ;0 ;0
20:40:20:420 ;6 ;-15 ;0 ;0
20:40:20:530 ;6 ;-15 ;0 ;0
20:40:20:640 ;6 ;-15 ;0 ;0
20:40:20:750 ;6 ;-15 ;0 ;0
20:40:20:860 ;6 ;-15 ;0 ;0
20:40:20:969 ;6 ;-15 ;0 ;0
20:40:21:82 ;6 ;-15 ;0 ;0
20:40:21:193 ;6 ;-15 ;0 ;0
20:40:21:287 ;6 ;-15 ;0 ;0
20:40:21:393 ;7 ;-15 ;0 ;0
20:40:21:503 ;7 ;-15 ;0 ;0
20:40:21:614 ;7 ;-15 ;0 ;0
20:40:21:713 ;7 ;-15 ;0 ;0
20:40:21:808 ;7 ;-15 ;0 ;0
20:40:21:913 ;7 ;-15 ;0 ;0
20:40:22:6 ;7 ;-15 ;0 ;0
20:40:22:100 ;7 ;-15 ;0 ;0
20:40:22:191 ;7 ;-15 ;0 ;0
20:40:22:286 ;7 ;-15 ;0 ;0
20:40:22:380 ;7 ;-15 ;0 ;0
20:40:22:471 ;7 ;-15 ;0 ;0
20:40:22:566 ;7 ;-15 ;0 ;0
20:40:22:660 ;7 ;-15 ;0 ;0
20:40:22:769 ;7 ;-15 ;0 ;0
20:40:22:880 ;7 ;-15 ;0 ;0
20:40:22:979 ;7 ;-15 ;0 ;0
20:40:23:73 ;7 ;-15 ;0 ;0
20:40:23:150 ;7 ;-15 ;0 ;0
20:40:23:217 ;7 ;-15 ;0 ;0
20:40:23:313 ;7 ;-15 ;0 ;0
20:40:23:422 ;7 ;-15 ;0 ;0
20:40:23:533 ;7 ;-14 ;0 ;0
20:40:23:641 ;8 ;-14 ;0 ;0
20:40:23:752 ;8 ;-14 ;0 ;0
20:40:23:864 ;8 ;-14 ;0 ;0
20:40:23:966 ;8 ;-14 ;0 ;0
20:40:24:60 ;8 ;-14 ;0 ;0
20:40:24:150 ;8 ;-14 ;0 ;0
20:40:24:217 ;8 ;-14 ;0 ;0
20:40:24:283 ;8 ;-14 ;0 ;0
20:40:24:392 ;8 ;-14 ;0 ;0
20:40:24:500 ;8 ;-14 ;0 ;0
20:40:24:613 ;8 ;-14 ;0 ;0
20:40:24:721 ;8 ;-14 ;0 ;0
20:40:24:832 ;8 ;-14 ;0 ;0
20:40:24:926 ;8 ;-14 ;0 ;0
20:40:25:16 ;8 ;-14 ;0 ;0
20:40:25:112 ;8 ;-14 ;0 ;0
20:40:25:223 ;8 ;-14 ;0 ;0
20:40:25:325 ;8 ;-14 ;0 ;0
20:40:25:420 ;8 ;-14 ;0 ;0
20:40:25:525 ;8 ;-14 ;0 ;0
20:40:25:619 ;8 ;-14 ;0 ;0
20:40:25:709 ;8 ;-14 ;0 ;0
20:40:25:776 ;8 ;-14 ;0 ;0
20:40:25:843 ;8 ;-14 ;0 ;0
20:40:25:957 ;9 ;-14 ;0 ;0
20:40:26:58 ;9 ;-14 ;0 ;0
20:40:26:151 ;9 ;-14 ;0 ;0
20:40:26:229 ;9 ;-14 ;0 ;0
20:40:26:296 ;9 ;-14 ;0 ;0
20:40:26:406 ;9 ;-14 ;0 ;0
20:40:26:519 ;9 ;-13 ;0 ;0
20:40:26:631 ;9 ;-13 ;0 ;0
20:40:26:725 ;9 ;-13 ;0 ;0
20:40:26:816 ;9 ;-13 ;0 ;0
20:40:26:911 ;9 ;-13 ;0 ;0
20:40:27:2 ;9 ;-13 ;0 ;0
20:40:27:98 ;9 ;-13 ;0 ;0
20:40:27:192 ;9 ;-13 ;0 ;0
20:40:27:282 ;9 ;-13 ;0 ;0
20:40:27:378 ;9 ;-13 ;0 ;0
20:40:27:486 ;9 ;-13 ;0 ;0
20:40:27:598 ;9 ;-13 ;0 ;0
20:40:27:698 ;9 ;-13 ;0 ;0
20:40:27:789 ;9 ;-13 ;0 ;0
20:40:27:855 ;9 ;-13 ;0 ;0
20:40:27:922 ;9 ;-13 ;0 ;0
20:40:28:32 ;9 ;-13 ;0 ;0
20:40:28:144 ;9 ;-13 ;0 ;0
20:40:28:257 ;9 ;-13 ;0 ;0
20:40:28:351 ;9 ;-13 ;0 ;0
20:40:28:457 ;9 ;-13 ;0 ;0
20:40:28:553 ;10 ;-13 ;0 ;0
20:40:28:642 ;10 ;-13 ;0 ;0
20:40:28:738 ;10 ;-13 ;0 ;0
20:40:28:846 ;10 ;-13 ;0 ;0
20:40:28:958 ;10 ;-13 ;0 ;0
20:40:29:57 ;10 ;-13 ;0 ;0
20:40:29:148 ;10 ;-13 ;0 ;0
20:40:29:215 ;10 ;-13 ;0 ;0
20:40:29:281 ;10 ;-12 ;0 ;0
20:40:29:377 ;10 ;-12 ;0 ;0
20:40:29:468 ;10 ;-12 ;0 ;0
20:40:29:564 ;10 ;-12 ;0 ;0
20:40:29:672 ;10 ;-12 ;0 ;0
20:40:29:787 ;10 ;-12 ;0 ;0
20:40:29:884 ;10 ;-12 ;0 ;0
20:40:29:961 ;10 ;-12 ;0 ;0
20:40:30:28 ;10 ;-12 ;0 ;0
20:40:30:94 ;10 ;-12 ;0 ;0
20:40:30:190 ;10 ;-12 ;0 ;0
20:40:30:299 ;10 ;-12 ;0 ;0
20:40:30:399 ;10 ;-12 ;0 ;0
20:40:30:497 ;10 ;-12 ;0 ;0
20:40:30:591 ;10 ;-12 ;0 ;0
20:40:30:681 ;10 ;-12 ;0 ;0
20:40:30:748 ;10 ;-12 ;0 ;0
20:40:30:814 ;10 ;-12 ;0 ;0
20:40:30:924 ;10 ;-12 ;0 ;0
20:40:31:37 ;10 ;-12 ;0 ;0
20:40:31:136 ;10 ;-12 ;0 ;0
20:40:31:227 ;11 ;-12 ;0 ;0
20:40:31:294 ;11 ;-12 ;0 ;0
20:40:31:361 ;11 ;-12 ;0 ;0
20:40:31:469 ;11 ;-12 ;0 ;0
20:40:31:563 ;11 ;-12 ;0 ;0
20:40:31:671 ;11 ;-12 ;0 ;0
20:40:31:783 ;11 ;-12 ;0 ;0
20:40:31:891 ;11 ;-11 ;0 ;0
20:40:32:3 ;11 ;-11 ;0 ;0
20:40:32:111 ;11 ;-11 ;0 ;0
20:40:32:223 ;11 ;-11 ;0 ;0
20:40:32:322 ;11 ;-11 ;0 ;0
20:40:32:416 ;11 ;-11 ;0 ;0
20:40:32:509 ;11 ;-11 ;0 ;0
20:40:32:602 ;11 ;-11 ;0 ;0
20:40:32:693 ;11 ;-11 ;0 ;0
20:40:32:760 ;11 ;-11 ;0 ;0
20:40:32:827 ;11 ;-11 ;0 ;0
20:40:32:922 ;11 ;-11 ;0 ;0
20:40:33:16 ;11 ;-11 ;0 ;0
20:40:33:124 ;11 ;-11 ;0 ;0
20:40:33:236 ;11 ;-11 ;0 ;0
20:40:33:345 ;11 ;-11 ;0 ;0
20:40:33:455 ;11 ;-11 ;0 ;0
20:40:33:546 ;11 ;-11 ;0 ;0
20:40:33:642 ;11 ;-11 ;0 ;0
20:40:33:750 ;11 ;-11 ;0 ;0
20:40:33:862 ;11 ;-11 ;0 ;0
20:40:33:975 ;11 ;-11 ;0 ;0
20:40:34:66 ;11 ;-11 ;0 ;0
20:40:34:162 ;11 ;-10 ;0 ;0
20:40:34:253 ;11 ;-10 ;0 ;0
20:40:34:348 ;11 ;-10 ;0 ;0
20:40:34:439 ;12 ;-10 ;0 ;0
20:40:34:535 ;12 ;-10 ;0 ;0
20:40:34:630 ;12 ;-10 ;0 ;0
20:40:34:719 ;12 ;-10 ;0 ;0
20:40:34:813 ;12 ;-10 ;0 ;0
20:40:34:908 ;12 ;-10 ;0 ;0
20:40:35:17 ;12 ;-10 ;0 ;0
20:40:35:128 ;12 ;-10 ;0 ;0
20:40:35:241 ;12 ;-10 ;0 ;0
20:40:35:333 ;12 ;-10 ;0 ;0
20:40:35:399 ;12 ;-10 ;0 ;0
20:40:35:466 ;12 ;-10 ;0 ;0
20:40:35:532 ;12 ;-10 ;0 ;0
20:40:35:643 ;12 ;-10 ;0 ;0
20:40:35:754 ;12 ;-10 ;0 ;0
20:40:35:854 ;12 ;-10 ;0 ;0
20:40:35:945 ;12 ;-10 ;0 ;0
20:40:36:12 ;12 ;-10 ;0 ;0
20:40:36:79 ;12 ;-10 ;0 ;0
20:40:36:188 ;12 ;-10 ;0 ;0
20:40:36:296 ;12 ;-10 ;0 ;0
20:40:36:385 ;12 ;-10 ;0 ;0
20:40:36:452 ;12 ;-10 ;0 ;0
20:40:36:562 ;12 ;-9 ;0 ;0
20:40:36:675 ;12 ;-9 ;0 ;0
20:40:36:783 ;12 ;-9 ;0 ;0
20:40:36:894 ;12 ;-9 ;0 ;0
20:40:36:988 ;12 ;-9 ;0 ;0
20:40:37:79 ;12 ;-9 ;0 ;0
20:40:37:174 ;12 ;-9 ;0 ;0
20:40:37:265 ;12 ;-9 ;0 ;0
20:40:37:361 ;12 ;-9 ;0 ;0
20:40:37:452 ;12 ;-9 ;0 ;0
20:40:37:547 ;12 ;-9 ;0 ;0
20:40:37:655 ;12 ;-9 ;0 ;0
20:40:37:767 ;12 ;-9 ;0 ;0
20:40:37:877 ;12 ;-9 ;0 ;0
20:40:37:987 ;12 ;-9 ;0 ;0
20:40:38:104 ;13 ;-9 ;0 ;0
20:40:38:200 ;13 ;-9 ;0 ;0
20:40:38:295 ;13 ;-9 ;0 ;0
20:40:38:385 ;13 ;-9 ;0 ;0
20:40:38:451 ;13 ;-9 ;0 ;0
20:40:38:547 ;13 ;-9 ;0 ;0
20:40:38:638 ;13 ;-9 ;0 ;0
20:40:38:704 ;13 ;-8 ;0 ;0
20:40:38:815 ;13 ;-8 ;0 ;0
20:40:38:933 ;13 ;-8 ;0 ;0
20:40:39:24 ;13 ;-8 ;0 ;0
20:40:39:91 ;13 ;-8 ;0 ;0
20:40:39:158 ;13 ;-8 ;0 ;0
20:40:39:253 ;13 ;-8 ;0 ;0
20:40:39:360 ;13 ;-8 ;0 ;0
20:40:39:471 ;13 ;-8 ;0 ;0
20:40:39:580 ;13 ;-8 ;0 ;0
20:40:39:693 ;13 ;-8 ;0 ;0
20:40:39:786 ;13 ;-8 ;0 ;0
20:40:39:877 ;13 ;-8 ;0 ;0
20:40:39:986 ;13 ;-8 ;0 ;0
20:40:40:77 ;13 ;-8 ;0 ;0
20:40:40:173 ;13 ;-8 ;0 ;0
20:40:40:283 ;13 ;-8 ;0 ;0
20:40:40:393 ;13 ;-8 ;0 ;0
20:40:40:502 ;13 ;-8 ;0 ;0
20:40:40:613 ;13 ;-8 ;0 ;0
20:40:40:704 ;13 ;-8 ;0 ;0
20:40:40:803 ;13 ;-8 ;0 ;0
20:40:40:890 ;13 ;-7 ;0 ;0
20:40:40:986 ;13 ;-7 ;0 ;0
20:40:41:77 ;13 ;-7 ;0 ;0
20:40:41:172 ;13 ;-7 ;0 ;0
20:40:41:263 ;13 ;-7 ;0 ;0
20:40:41:328 ;13 ;-7 ;0 ;0
20:40:41:439 ;13 ;-7 ;0 ;0
20:40:41:547 ;13 ;-7 ;0 ;0
20:40:41:660 ;13 ;-7 ;0 ;0
20:40:41:772 ;13 ;-7 ;0 ;0
20:40:41:866 ;13 ;-7 ;0 ;0
20:40:41:957 ;13 ;-7 ;0 ;0
20:40:42:52 ;13 ;-7 ;0 ;0
20:40:42:145 ;13 ;-7 ;0 ;0
20:40:42:236 ;13 ;-7 ;0 ;0
20:40:42:332 ;13 ;-7 ;0 ;0
20:40:42:423 ;13 ;-7 ;0 ;0
20:40:42:519 ;13 ;-7 ;0 ;0
20:40:42:630 ;13 ;-7 ;0 ;0
20:40:42:732 ;13 ;-7 ;0 ;0
20:40:42:825 ;13 ;-7 ;0 ;0
20:40:42:903 ;13 ;-7 ;0 ;0
20:40:42:969 ;14 ;-6 ;0 ;0
20:40:43:78 ;14 ;-6 ;0 ;0
20:40:43:173 ;14 ;-6 ;0 ;0
20:40:43:285 ;14 ;-6 ;0 ;0
20:40:43:371 ;14 ;-6 ;0 ;0
20:40:43:436 ;14 ;-6 ;0 ;0
20:40:43:545 ;14 ;-6 ;0 ;0
20:40:43:636 ;14 ;-6 ;0 ;0
20:40:43:703 ;14 ;-6 ;0 ;0
20:40:43:815 ;14 ;-6 ;0 ;0
20:40:43:926 ;14 ;-6 ;0 ;0
20:40:44:25 ;14 ;-6 ;0 ;0
20:40:44:116 ;14 ;-6 ;0 ;0
20:40:44:182 ;14 ;-6 ;0 ;0
20:40:44:249 ;14 ;-6 ;0 ;0
20:40:44:345 ;14 ;-6 ;0 ;0
20:40:44:453 ;14 ;-6 ;0 ;0
20:40:44:564 ;14 ;-6 ;0 ;0
20:40:44:664 ;14 ;-6 ;0 ;0
20:40:44:771 ;14 ;-6 ;0 ;0
20:40:44:864 ;14 ;-6 ;0 ;0
20:40:44:958 ;14 ;-6 ;0 ;0
20:40:45:44 ;14 ;-6 ;0 ;0
20:40:45:132 ;14 ;-6 ;0 ;0
20:40:45:195 ;14 ;-5 ;0 ;0
20:40:45:261 ;14 ;-5 ;0 ;0
20:40:45:327 ;14 ;-5 ;0 ;0
20:40:45:419 ;14 ;-5 ;0 ;0
20:40:45:480 ;14 ;-5 ;0 ;0
20:40:45:574 ;14 ;-5 ;0 ;0
20:40:45:663 ;14 ;-5 ;0 ;0
20:40:45:737 ;14 ;-5 ;0 ;0
20:40:45:831 ;14 ;-5 ;0 ;0
20:40:45:923 ;14 ;-5 ;0 ;0
20:40:46:16 ;14 ;-5 ;0 ;0
20:40:46:181 ;14 ;-5 ;0 ;0
